id;ad;soyad;email;telefon;adres;kayit_tarihi
1;dead;incidentally if royal;Kareem_Franey@gmail.com;sinful regularly;through internationalize phooey;2024-10-30T21:58:56
2;yahoo habit gadzooks;oof;Clement5@gmail.com;aha accompanist;loyally eek;2024-10-30T22:16:58
3;forenenst upside-down supposing;gah even;Libbie14@hotmail.com;up minus;however comfortable;2024-10-30T11:55:28
4;past;brightly than fussy;Ernie13@gmail.com;barring while bore;finally bore treasure;2024-10-30T16:04:26
5;phooey beyond;wiggly blah amongst;Uriel.Bernhard@hotmail.com;concerning;hollow tightly sticker;2024-10-30T12:20:48
6;worriedly best fathom;spotless male out;Doyle.Hammes58@hotmail.com;weight miskey baggy;lest fiercely;2024-10-31T04:22:40
7;boss psst;stable acidly throbbing;Alana53@gmail.com;appropriate order vainly;whoever although;2024-10-31T02:58:47
8;once brr;psst hypothesise hierarchy;Mohammed91@gmail.com;hospitalization;nor though crafty;2024-10-31T01:44:18
9;middle preside gadzooks;or mosh politely;Felix21@hotmail.com;airman drug;geez insolence;2024-10-30T11:20:44
10;impanel;untried;Cathrine.OConnell@hotmail.com;unknown;imaginative;2024-10-30T17:10:45
